Yurt ismi,Statüsü,Enlem Koordinatı,Boylam Koordinatı,Açık Adres,Telefon Numarası,Kapasitesi,Minimum Ücret,Maksimum Ücret
 ÖZEL YEŞILOVA ORTA ÖĞRETİM ERKEK ÖĞRENCİ YURDU,Özel Yurt,"3,908,853,526,555,780","2,738,070,848,294,650",OSMANIYE MAH.SANAYI KÜMESI NO.12,2326871622,32,-,-
Adef Özel Kız Öğrenci Yurdu,Özel Yurt,"3,837,139","2,719,014","Kuruçeşme, 203/28. Sk. No:22, 35390 Buca/İzmir",0541 545 60 71,300,"95,000","150,000"
AKADEMİ KIZ ÖĞRENCİ STÜDYO EVLERİ,Özel Yurt,"38,528,131,539,205,400","27,036,384,324,725,500",: Balatçık Mah. 8900 Sok. No: 16 Balatçık / Çiğli / İzmir,(0533) 397 6004,-,-,-
Altay Erkek Öğrenci Apart,Özel Yurt,"38,452,635,332,174,200","27,237,714,116,502,100","Mevlana, 1700. Sk. No:10, 35050 Bornova/İzmir",0552 694 16 78,40,"54,000","63,000"
Arifiye Ortaokul Erkek Ögrenci Yurdu,KYK,"3,846,948,510,340,450","2,719,122,477,680,150","Osmangazi, 574. Sk. 31 A, 35535 Bayraklı/İzmir",02323414140,32,-,-
Atatürk Öğrenci Yurdu,Özel Yurt,"3,808,990,343,786,960","2,774,465,580,770,970","İhsaniye, Gökçen Efe Meydanı No:3, 35900 Tire/İzmir",02325110161,44,-,-
Atatürkçü Düşünce Derneği Gazi Ayşe Altıntaş Yüksek Öğrenim Kız Öğrenci Yurdu,Özel Yurt,"3,841,011,258,303,110","27,128,959,967,576,700","Tınaztepe, Eşrefpaşa Cd. 267 A, 35270 Konak/İzmir",2322500211,62,-,-
Atlas Erkek Öğrenci Yurdu,Özel Yurt,"38,582,226,897,176,400","27,068,116,000,353,700","Ulus, Çanakkale Asfaltı Cd. No:10, 35660 Menemen/İzmir",0 555 826 22 02,-,-,-
Aycan Kız Öğrenci Yurdu,Özel Yurt,"3,858,091,523,389,730","269,816,247,346,398","85. Yıl Cumhuriyet, Doğu Cd. no:59/9, 35665 Menemen/İzmir",0552 809 04 35,-,-,-
Bakırçay Kız Öğrenci Yurdu,Özel Yurt,"3,857,951,507,716,770","2,697,135,252,362,850",Gazi Mustafa Kemal mahallesi 4128 sokak no:9 Bakırçay Kız Öğrenci Yurdu,0535 015 46 46,-,-,-
Barbaros KYK Ögrenci Yurdu Buca,KYK,"38,367,336,010,154,500","2,717,928,673,808,490","Buca Koop., 200/68. Sk No:4, 35390, 35390 Buca Osb/Buca/İzmir",0 232 454 10 50,800,375,650
Batı Plus Yükseköğrenim Kız Öğrenci Yurdu,Özel Yurt,"382,749","271,332","Erzene Mah. 63 Sok. No: 28, Bornova/İzmir",(232) 339 9008,82,-,-
Bati Plus Kiz Ogrenci Yurdu,Özel Yurt,38.46436825,27.22568627,"Erzene, 63. Sk. No:28, 35040 Bornova/İzmir",0532 550 76 94,82,-,"76,000"
Bayraklı Belediyesi Nene Hatun Kız Öğrenci Yurdu,KYK,"3,845,542,557,051,030","27,192,855,102,826,000",Mansuroğlu mah. 269/14 Sok. No:2 Bayraklı - İzmir,0232 348 80 94,80,-,-
BUCA - KYK GAZİ AYŞE HANIM KIZ ÖĞRENCİ YURDU,KYK,"38,372,536","27,186,643",YILDIZ MAHALLESİ 203/38 SOKAK NO:57 BUCA/İZMİR,(0312) 551 6000,-,-,-
BUCA - KYK HANZADE HATUN KIZ ÖĞRENCİ YURDU,KYK,"38,372,536","27,186,643",YILDIZ MAHALLESİ 203/38 SOKAK NO: 54-1 BUCA İZMİR,(0312) 551 6000,-,-,-
BUCA - ÖZEL  BUCA YÜKSEK ÖĞRETİM ERKEK ÖĞRENCİ YURDU,Özel Yurt,"38,358,404,626,670,800.00","2,715,108,300,686,550","MUSTAFA KEMAL 694/47 SOK.NO:6
",0(232)2763035,130,-,-
BUCA - ÖZEL AKBULUT YÜKSEK ÖĞRETİM KIZ ÖĞRENCİ YURDU,Özel Yurt,"38,366,120,653,809,800.00","27,197,730,018,911,600","KURUÇEŞME MAH.205/12 SOK NO:5
",0(232)4531909,261,-,-
BUCA - ÖZEL ALTINSARAY YÜKSEK ÖĞRETİM ERKEK ÖĞRENCİ YURDU,Özel Yurt,"3,838,549,545,907,230.00","27,169,075,157,872,000","ADATEPE MAH. 8/5 SOK. NO:4 BUCA/ İZMİR
",0(232)4400441,52,"50,000","70,000"
BUCA - ÖZEL ANATOLİA YÜKSEK ÖĞRETİM KIZ ÖĞRENCİ  YURDU,Özel Yurt,"38,390,557,039,825,400.00","27,180,656,901,086,500","YAYLACIK MAH.38/2 SOK NO:5
",0(232)4400008,97,"80,000","100,000"
BUCA - ÖZEL ANATOLİA YÜKSEKÖĞRENİM KIZ ÖĞRENCİ YURDU (HUKUK FAK.ŞB),Özel Yurt,"3,838,308,346,532,000.00","27,182,235,278,704,100","DUMLUPINAR MAHALLESİ 109.SOKAK NO/18
",0(232)4424811,24,"100,000","140,000"
BUCA - ÖZEL ANATOLİA YÜKSEKÖĞRETİM ERKEK ÖĞRENCİ YURDU,Özel Yurt,"38,383,876,724,039,500","27,182,794,154,764,300","308/3 SOK. NO: 2 ŞİRİNYER-BUCA/İZMİR
",0(232)4483526,59,"120,000","140,000"
BUCA - ÖZEL ASAF ATASEVEN YÜKSEK ÖĞRETİM  ERKEK ÖĞRENCİ YURDU,Vakıf,"3,837,631,601,935,550","27,163,688,584,746,500","DOĞUŞ CAD. NO:228 -230 BUCA/İZMİR
",0(232)4538285,129,25000,30000
BUCA - ÖZEL ASİL YÜKSEK ÖĞRETİM  KIZ ÖĞRENCİ YURDU,Özel Yurt,"3,837,014,643,978,630","2,719,509,936,622,280","VALİ RAHMİBEY MAHALLESİ 159.SOKAK NO:17
",0(232)4484841,64,"60,000",-
BUCA - ÖZEL ATA YÜKSEK ÖĞRETİM ERKEK ÖĞRENCİ YURDU,Özel Yurt,"38,376,430,741,810,400","271,636,197,622,847",DUMLUPINAR MAH. 90 SOK. NO:27 BUCA/İZMİR,0(232)4400502,52,-,-
BUCA - ÖZEL AYLİN 2 YÜKSEKÖĞRETİM KIZ ÖĞRENCİ YURDU,Özel Yurt,"38,384,616","27,173,078","Dumlupınar, 86. Sk. No:25, 35000 Buca/İzmir",05078169214,56,-,-
BUCA - ÖZEL AYLİN YÜKSEKÖĞRETİM KIZ ÖĞRENCİ YURDU,Özel Yurt,"3,838,463,916,403,590","27,172,981,434,898,300","ADATEPE MAH. 8/5 SOKAK NO:11 BUCA/İZMİR
",0(232)4401919,45,-,-
BUCA - ÖZEL BEYLER YÜKSEKÖĞRETİM ERKEK ÖĞRENCİ YURDU,Özel Yurt,"38,377,608","27,181,937",ATATÜRK MAH. 202/35 SOK. NO:41 BUCA/İZMİR, 0507 760 09 27,60,-,-
BUCA - ÖZEL BINSAR YÜKSEK ÖĞRETİM  KIZ  ÖĞRENCİ YURDU,Özel Yurt,"38,370,068","27,195,288",TINAZTEPE MAH.DOĞUŞ CAD.NO:206-BUCA / İZMİR,-,32,-,-
BUCA - ÖZEL BUCA YILDIZ YÜKSEK ÖĞRETİM ERKEK ÖĞRENCİ YURDU,Özel Yurt,"38,367,754","27,180,568",BUCA KOOP MAHALLESİ 1417 SOKAK NO:5 BUCA/İZMİR,(0232) 454 25 95,96,-,-
BUCA - ÖZEL BURÇ YÜKSEK ÖĞRETİM ERKEK  ÖĞRENCİ YURDU,Özel Yurt,"38,375,729","27,187,832",ATATÜRK MAH.201.SOKAK NO.25 BUCA / İZMİR,2324534748,300,-,-
BUCA - ÖZEL CANSIN YÜKSEKÖĞRENİM YURDU,Özel Yurt,"38,377,019","27,186,331","Atatürk, 202/44. Sk. 1 A Blok B Blok, 35390 Buca/İzmir",2324538285,179,-,-
BUCA - ÖZEL ÇAĞDAŞ YÜKSEK ÖĞRETİM KIZ ÖĞRENCİ YURDU,Özel Yurt,"38,385,312","27,172,231","Dumlupınar, Barış Manço Kültür Sk. No: 13, 35400 Buca/İzmir",2324406248,21,-,-
BUCA - ÖZEL ÇAĞLI YÜKSEKÖĞRETİM KIZ ÖĞRENCİ YURDU,Özel Yurt,"38,369,039","27,196,103","Kuruçeşme, Doğuş Cd. No:222, 35390 Buca/İzmir",2324542000,72,-,-
BUCA - ÖZEL ÇEŞME YÜKSEK ÖĞRETİM ERKEK ÖĞRENCİ YURDU,Özel Yurt,"38,380,118","27,180,062","Atatürk, 63/7. Sk. No:1, 35390 Buca/İzmir",2324409622,195,-,-
BUCA - ÖZEL DENİZ ORTAÖĞRETİM KIZ ÖĞRENCİ YURDU,Özel Yurt,"38,362,472","27,144,778","Göksu, 668/5. Sk. No: 14, 35380 Buca/İzmir",2322757612,72,-,-
BUCA - ÖZEL Kampüs Öğrenci Yurdu,Özel Yurt,"3,836,551,602,376,560.00","2,719,832,647,650,760","Kuruçeşme, 205/59. Sk., 35390 Buca/İzmir",0(232) 453 06 46,108,"70,000","90,000"
BUCA - ÖZEL PAPATYA  KIZ ÖĞRENCİ YURDU,Özel Yurt,"38,385,167","27,177,278","Dumlupınar, 68. Sk. 2-10, 35400 Buca/İzmir",2324424878,-,-,-
BUCA YÜKSEKÖĞRETİM KIZ ÖĞRENCİ YURDU,Vakıf,"3,837,980","2,716,500",Yenigün Mah. Nazım Hikmet Cad. No: 40 Buca/İzmir/Türkiye,0501 700 92 99,126,"25,000","30,000"
CANSIN YÜKSEKÖĞRENİM YURDU,Özel Yurt,"3,836,953","2,719,604","Kuruçeşme, Doğuş Cd. NO:228 - 230, 35390 Buca/İzmir",0 232 420 06 53,179,-,-
CİHANNÜME KYK KIZ ÖĞRENCİ YURDU,KYK,"3,851,364,002,760,430","27,032,822,264,066,700",Balatçık Mahallesi 8914/10 Sok. No:1 Çiğli İZMİR Çiğli / İzmir,(0232) 329 9420,-,-,-
Çakabey Kyk Erkek Öğrenci Yurdu,KYK,"3,836,933,550,284,440","2,718,782,800,513,990","No:1/ 35390 1405. Sokak Buca Kooperatifi Mahallesi, 35370 Buca/İzmir",02324532424,1415,510(Aylık),570(Aylık)
Çakırağa Erkek Öğrenci Yurdu,Özel Yurt,"38,234,513,467,090,700","27,971,331,006,836,600","Bengisu, Hakkı Paşa Çıkmazı No:1, 35750 Ödemiş/İzmir",02325451872,48,-,-
Çamlıca Kız Öğrenci Yurdu,Özel Yurt,"38,330,040,173,683,400","27,114,790,198,235,200","Irmak Mh, 819. Sk No:6, 35410 Gaziemir/İzmir",-,-,-,-
Çamlıca Öğrenci Yurdu,Özel Yurt,"3,832,937,839,885,800","27,114,730,946,842,200","Zafer, 800. Sk. No:2, 35410 Gaziemir/İzmir",-,-,-,-
Çeşme KYK Öğrenci Yurdu,KYK,"3,836,579,453,094,710","26,289,826,906,225,700","Cumhuriyet, 4320. Sk. No:7, 35930 Çeşme/İzmir",0(232) 724 92 76,184,345,570
ÇİĞLİ MODERN KIZ REZİDANCE,Özel Yurt,"3,851,377,107,660,130","27,044,337,319,473,900","8786. Sk. 83, Küçük Çiğli, 35620 Çiğli/İzmir",(0541) 156 1235,100,-,-
ÇİĞLİ YALI KIZ ÖĞRENCİ YURDU,Özel Yurt,"38,493,087,498,734,400","27,064,103,296,438,700",Büyük Çiğli Mah. Anadolu Cad. No:804 Çiğli / İzmir,+90 546 295 84 36,-,-,-
ÇİĞLİ- ÖZEL DEĞERLI ORTA ÖĞRETİM ERKEK ÖĞRENCİ YURDU,Özel Yurt,"38,497,466","27,067,165",B. ÇIĞLI KÖYIÇI CAD.NO:99 izmir/çiğli,2323765021,72,-,-
ÇİĞLİ- ÖZEL GÜZELKENT ORTAÖĞRETİM ERKEK ÖĞRENCİ YURDU,Özel Yurt,"38,486,927","27,070,181",İSTASYONALTI MAHALLESİ 8271/7.SOKAK NO/5,2323861248,65,-,-
DİKİLİ - ÖZEL MİYASE YILMAZ ORTAÖĞRETİM ERKEK ÖĞRENCİ YURDU,Özel Yurt,"39,072,125","26,889,451",İSMET PAŞA MAH.70/1 SOK.NO:4-6 DİKİLİ,2326713963,77,-,-
Ege Mavisi Özel Kız Öğrenci Yurdu,Özel Yurt,38.45945898,27.21246973,"Kazımdirik, Kazım Dirik Mah, Ankara Cd. No:249, 35100 Bornova/İzmir",(0232) 339 40 40,-,-,-
Ege Üniversitesi Öğrenci Köyü,Üniversite Yurdu,38.4532552,27.2162048,"372 Sok. No:18 Kazım Dirik Mah. Ağaçlı Yol 35100, Bornova / İZMİR",0 (232) 342 42 82 ,1500,1400,1400
egeyurt izmir ozel ogrenci yurdu,Özel Yurt,"38,452,966,429,423,500","2,721,578,337,990,990","kazimdirik, 372. sk. no:12/2, 35100 bornova/izmir
",0232 342 44 00,-,-,-
Egeyurt İzmir Özel Öğrenci Yurdu,Özel Yurt,"3,845,254,268,010,430","2,721,777,543,032,010",Kazımdirik Mah. 372.Sk. No:12/2 Bornova İzmir,0530 845 17 17,532,-,-
Elit Kız Pansiyonu,Özel Yurt,"38,087,901,786,031,500","2,773,408,651,164,600","Yeni Mahalle, Aydınoğlu Cad. No:9, 35900 Tire/İzmir",02325126555,67,2600,3000
Fatih Öğrenci Yurdu,Özel Yurt,"3,822,679,588,632,040","27,988,834,218,775,800","Hürriyet Mah. Atatürk Cad. 35763 Ödemiş İzmir, 35763",02325448778,100,ücretsiz,ücretsiz
Forum Kız Öğrenci Yurdu,Özel Yurt,"3,844,906,307,945,750","27,218,918,793,601,600",Kazımdirik Mahallesi 372/9. Sokak No:21 35035 Bornova/İzmir Türkiye,0532 057 65 35,-,-,-
forum kiz ogrenci yurdu,Özel Yurt,"38,446,907,274,856,800","27,218,750,645,514,300","kazimdirik, 372/9. sk. no:21, 35100 bornova/izmir
",0532 057 65 35,38,-,-
GSB Yörük Ali Efe KYK Yurdu,KYK,38.45016694,27.22688602,Mevlana Mahallesi 1776. Sokak No: 4/3 Bornova İzmir,(0232) 388 95 00,-,-,-
GSB Zübeyde Hanım Kız Öğrenci Yurdu,KYK,38.458124,27.23434063,Erzene Mahallesi Atatürk Caddesi Ege Üniversitesi Kampüs İçi No:172/57 Bornova/İZMİR,(0232) 502 84 80,2000,570,570
Hacı Ahmet Tatari Yurdu,KYK,"383,911,765","271,803,176","Gaziler, 1086. Sk. No:7, 35390 Buca/İzmir",02324205164,600,345,345
Hedef Yüksek Öğretim Erkek Öğrenci Yurdu,Özel Yurt,"382,750","271,335","Erzene Mah. 61 Sok. No: 12, Bornova/İzmir",(232) 388 58 56,28,-,-
Hoca Ahmet Yesevi Kyk Kız Öğrenci Yurdu,KYK,"38,372,787,565,050,200","2,718,955,787,380,660","Kuruçeşme, 35678 Buca/İzmir",02324421300,500,405(Aylık),480(Aylık)
Izmir Bornova Özel Papatyam Kız Öğrenci Yurdu,Özel Yurt,"3,846,963,855,461,140","2,723,673,593,109,660","116/12. Sk. 5-3, Erzene, 35040 Bornova/İzmir",0232 343 43 02,-,-,-
"İYTE KYK Öğrenci Yurdu, ",KYK,"38,325,014","26,635,465","Gülbahçe, 35433 Urla/İzmir, ",2327659119,3406,305,750
İYTE Lisansüstü Öğrenci Köyü,Üniversite Yurdu,"3,543,038,325,515","26,633,555",İzmir Yüksek Teknoloji Enstitüsü Gülbahçe 35430 Urla / İzmir,+90 232 750 6000,18,1,1
izmir bornova ozel papatyam kiz ogrenci yurdu,Özel Yurt,"3,846,844,100,222,310","2,723,393,921,719,770","erzene, 116. sk. no:6, 35040 bornova/izmir
",0232 343 43 02,-,-,-
Karahan Grup Yükseköğretim Kız Öğrenci Yurdu,Özel Yurt,"382,736","271,217","Kazımdirik Mah. 215 Sok. No: 7, Bornova/İzmir",(232) 374 65 64,112,-,-
KARŞIYAKA - ÖZEL MEHMET AKİF ERSOY ORTAÖĞRETİM KIZ ÖĞRENCİ YURDU,Özel Yurt,"3,845,816,019,080,850","27,112,754,654,173,300","Bahriye Üçok, 35560 Karşıyaka/İzmir",2323687824,38,-,-
KARŞIYAKA - ÖZEL MEHMET AKİF ERSOY ORTAÖĞRETİM KIZ ÖĞRENCİ YURDU,Özel Yurt,"3,845,814,338,811,240","27,112,690,281,560,400","Bahriye Üçok, 35560 Karşıyaka/İzmir",2323687824,38,50000,60000
Kılıçoğlu Öğrenci Yurdu,Özel Yurt,"3,845,406,624,753,820","27,204,585,325,620,800",367/4 Sk. No:9 Kazım Dirik Mh. Bornova İzmir,0532 152 0274,250,-,-
kilicoglu ogrenci yurdu,Özel Yurt,"3,845,123,002,377,990","2,720,565,099,340,140","kazimdirik, 367/4 sk no:9, 35100 bornova/izmir
",0232 400 78 78,-,-,-
KİRAZ - ÖZEL ALTIN ORTA ÖĞRETİM ERKEK ÖĞRENCİ YURDU,Özel Yurt,"3,827,207,836,446,620","28,209,875,654,178,000",SABIT ARTI CAD.ŞANLI İŞHANI KAT:1 KIRAZ,2325724215,47,-,-
KİRAZ - ÖZEL AYŞE SARI ORTA ÖĞRETİM ERKEK ÖĞRENCİ YURDU,Özel Yurt,"38,269,922,050,514,600","2,820,961,854,046,480",CUMHURIYET MAH.ATATÜRK BULVARI NO.61,2325723353,100,-,-
KONAK -  ÖZEL HALİLRIFATPAŞA YÜKSEK ÖĞRETİM ERKEK ÖĞRENCİ YURDU,Özel Yurt,"384,087,966,002,212","2,712,442,961,121,580","Altıntaş, Halil Rıfat Paşa Cd. No:189, 35260 Konak/İzmir",2322284074,40,-,-
Koyundere Kız Yurdu,Özel Yurt,"3,857,696,335,195,220","2,706,870,316,966,360","Kemal Atatürk Mahallesi 7528 Sokak No: 1 Menemen, İzmir",0(232) 846 13 13,-,-,-
Küçükpark Yükseköğrenim Kız Öğrenci Yurdu,Özel Yurt,"382,746","271,241","Kazımdirik Mah. 173 Sok. No: 11, Bornova/İzmir",(232) 375 53 52,-,-,-
kyk yoruk ali efe erkek ogrenci yurdu mudurlugu b blok,KYK,"38,448,501,349,678,700","27,227,882,254,780,000","mevlana, 1771/1. sk no:7, 35050 bornova/izmir
",0232 373 72 71,-,-,-
lt Rezidence Yükseköğretim Kız Öğrenci Yurdu,Özel Yurt,"3,827,490","2,713,344",Erzene Mah. 62 Sok. No: 14 Bornova/İzmir,(232) 374 77 35,66,-,-
MERIÇ ÖĞRETMEN YÜKSEKÖĞRETİM KIZ ÖĞRENCİ YURDU,Özel Yurt,"382,369,414,923,286","279,753,829,576,127",İnönü. Şehit Ali Yücel Cad. No:43. 35750 Ödemiş/İzmir,0 232 544 96 58,42,-,-
Meriç Kız Öğrenci Yurdu,Özel Yurt,"3,823,682,365,872,540","27,975,360,317,637,800","İnönü, Şehit Ali Yücel Cad. No:43, 35750 Ödemiş/İzmir",02325449658,42,-,-
Nilüfer Orta Öğretim Kız Öğrenci Yurdu,Özel Yurt,"38,518,892,156,568,100","2,719,974,518,845,670",MANAVKUYU MAH.SAKARYA CAD.NO:70 BAYRAKLI-İZMİR,2323484836,21,-,-
Orkun Yüksek Öğretim Erkek Öğrenci Yurdu,Özel Yurt,"382,750","271,322","Erzene Mah. 67 Sok. No: 15, Bornova/İzmir",(232) 343 62 98,72,-,-
ozel atahan kiz ogrenci yurdu,Özel Yurt,"3,844,551,657,654,190","27,202,671,406,892,900","kazimdirik, 364/11. sk. no:4, 35100 bornova/izmir
",0232 343 00 70,-,-,-
ozel bati plus kiz ogrenci yurdu,Özel Yurt,"384,638,474,111,175","2,722,674,842,038,440","erzene, 63. sk. no:28, 35040 bornova/izmir
",0532 550 76 94,-,-,-
ozel bornova villa yuksekogretim kiz ogrenci yurdu,Özel Yurt,"3,847,067,489,803,010","2,723,857,775,478,000","evka 3, kucukseyler anaokulu arkasi, erzene mahallesi, 115/2. sk. profesorler sitesi no:7, 35040 bornova/izmir
",0530 605 76 94,-,-,-
ozel bornova yuksekogrenim erkek ogrenci yurdu,Özel Yurt,"38,465,327,625,828,100","27,208,813,598,524,600","eski bornova stadyum migros, kazim dirik mh. 200 sk, karsisi no:2/3, 35515 bornova/izmir
",0507 145 25 50,-,-,-
ozel egelim yuksekogrenim kiz ogrenci yurdu,Özel Yurt,"3,845,907,881,247,300","2,720,207,130,689,290","kazimdirik, 259. sk. no: 12, 35100 bornova/izmir
",0232 348 84 06,35,-,-
ozel engin deniz erkek ogrenci yurdu,Özel Yurt,"38,468,713,401,913,300","27,223,545,095,254,500","erzene, 8. sk. no:46, 35040 bornova/izmir
",0232 339 12 12,140,-,-
ozel hedef yuksek ogrenim ogrenci yurdu,Özel Yurt,"384,641,217,187,254","27,227,676,110,599,200","erzene, 61. sk. no:12, 35040 bornova/izmir
",0232 388 58 56,39,-,-
ozel hisar yuksekogretim erkek ogrenci yurdu,Özel Yurt,"3,844,679,774,557,410","2,722,949,435,478,000","mevlana, 1722. sk. no:3, 35050 bornova/izmir
",0232 339 13 84,-,-,-
ozel karahan grup yuksek ogrenim erkek ogrenci yurdu,Özel Yurt,"3,846,020,201,004,400","27,205,639,608,746,000","kazimdirik, 215. sk. no: 7, 35040 bornova/izmir
",0554 315 52 43,-,-,-
ozel kilit residance yuksekogrenim kiz ogrenci yurdu,Özel Yurt,"38,463,646,112,219,200","27,227,175,935,729,100","erzene, 62. sk. no:14, 35040 bornova/izmir
",0232 388 39 12,72,-,-
ozel maya yuksek ogrenim erkek ogrenci yurdu,Özel Yurt,"3,846,624,970,370,440","2,721,585,668,546,930","ergene, 554. sk. no.32, 35050 bornova/izmir
",0552 345 59 08,-,-,-
ÖDEMİŞ - ÖZEL MERIÇ ÖĞRETMEN YÜKSEK ÖĞRETİM KIZ ÖĞRENCİ YURDU,Özel Yurt,"3,827,173,338,808,000","2,797,633,442,843,740",İNÖNÜ MAH.ŞEHIT ALI YÜCEL CAD.NO.43,2325449658,42,-,-
ÖDEMİŞ - ÖZEL SENA ORTAÖĞRETİM KIZ ÖĞRENCİ YURDU,Özel Yurt,"3,843,042,073,538,950","27,130,474,616,952,800",İNÖNÜ MAH.706 SOK.NO:1,2325455270,96,-,-
ÖDEMİŞ BELEDİYE BAŞKANLIĞI KIZ ÖĞRENCİ KONUKEVİ,Özel Yurt,"382,304,832,170,192","27,975,133,243,913,900",Akıncılar Mah. Gül Sok. No:3 Ödemiş. İzmir,0 232 545 19 32,-,-,-
ÖDEMİŞ ÖZEL MENDEGÜME ORTAOKUL ERKEK ÖĞRENCİ YURDU ,Özel Yurt,"3,805,112,777,654,520","28,000,877,226,988,100",HAMAM MAH. MENDEGÜME SOK. NO: 289 /1/ ÖDEMİŞ/İZMİR,(543) 304 18 50,-,-,-
ÖDEMİŞ TİCARET ODASI ANADOLU LİSESİ ERKEK ÖĞRENCİ YURDU,Özel Yurt,"3,824,131,230,411,740","2,802,884,409,550,060","Küçükavulcuk Köyü Mevki Birgi Yolu, Ödemiş Merkez, Ödemiş, İzmir",0232 531 54 15,-,-,-
ÖDEMİŞ TİCARET ODASI ANADOLU LİSESİ KIZ ÖĞRENCİ YURDU,Vakıf,"3,824,131,230,411,740","2,802,884,409,550,060","Küçükavulcuk Köyü Mevki Birgi Yolu, Ödemiş Merkez, Ödemiş, İzmir",0232 531 54 15,-,-,-
Özel 80 İnci Yıl Ortaöğretim Erkek Öğrenci Yurdu,Özel Yurt,"382,336,276,852,447","27,976,923,911,360,400",Saraçoğlu Cad.Müftülük Sıtesı İzmir/Ödemiş,0232 544 05 53,104,-,-
Özel Ali Öztürk Ve Şehit Ahmet Kamil Özdemir Yükseköğrenim Erkek Öğrenci Yurdu,Özel Yurt,"3,819,434","2,645,574","Hacı İsa, Duygu Sk. No:2, 35430 Urla/İzmir",2327546260,33,-,-
Özel Armutlu Ortaöğrenim Erkek Öğrenci Yurdu,Özel Yurt,"3,840,681,914,474,650","27,540,561,361,371,000","Hürriyet, Çiçek Sk. No:4, 35737 Kemalpaşa/İzmir",(226) 531 24 99,18,-,-
Özel Atahan Kız Öğrenci Yurdu,Özel Yurt,"384,460,966,689,056","27,201,855,915,341,800",364/11. Sk. No:4 Kazım Dirik Mah. Bornova/İZMİR,0232 343 0070,-,-,-
Özel Bayraklı Ortaokul Erkek Öğrenci Yurdu,Özel Yurt,"3,846,733,302,206,810","27,167,503,369,390,500","Çiçek, 1631. Sk. No:47, 35540 Bayraklı/İzmir",02323417171,-,-,-
ÖZEL BEYLER YÜKSEKÖĞRETİM ERKEK ÖĞRENCİ YURDU,Özel Yurt,"3,837,823","2,718,199","Atatürk, 202/35. Sk. No:41, 35160 Buca/İzmir",0507 760 09 27,60,"60,000","80,000"
Özel Bornova Villa Kız Öğrenci Yurdu,Özel Yurt,38.47099409,27.23762289,"Evka 3, Küçükşeyler Anaokulu arkası, Erzene Mahallesi, 115/2. Sk. Profesörler Sitesi no:7, 35040 Bornova/İzmir",0530 605 76 94,-,"75,000","100,000"
Özel Bornova Yükseköğrenim Erkek Öğrenci Yurdu,Özel Yurt,"3,846,462,672,231,080","27,210,397,953,661,000",Kazım Dirik Mh. 200 Sk. No:2/3 (Bornova Stadı Arkası Migros Giriş Karşısı),0506 710 2650,-,-,-
Özel Buğdaydede Orta Öğrenim Erkek Öğrenci Yurdu,Özel Yurt,"3,810,003,573,720,970","2,772,789,305,244,510","Yeni Mah. Turgut Reis Cad. No: 15, Tire Merkez, Tire, İzmir",02325115653,108,-,-
ÖZEL BURÇ YÜKSEK ÖĞRETİM ERKEK  ÖĞRENCİ YURDU,Özel Yurt,"3,839,181","2,716,984",ADATEPE MAH. 61 SOK.  NO:8 BUCA/İZMİR,0530 569 58 29,300,-,-
Özel Cüneyt Aze,Özel Yurt,"3,821,001","2,683,425","Çolak İbrahim Bey, 93. Sk. 35460 Seferihisar/İzmir",0 232 743 44 44,45,-,-
ÖZEL ÇAĞDAŞ YÜKSEK ÖĞRETİM KIZ ÖĞRENCİ YURDU,Özel Yurt,"3,838,607","2,717,216","Dumlupınar, Barış Manço Kültür Sk. No: 13, 35400 Buca/İzmir",(0232) 440 62 48,21,-,-
ÖZEL ÇAĞLI YÜKSEKÖĞRETİM KIZ ÖĞRENCİ YURDU,Özel Yurt,"3,836,960","2,719,585","Kuruçeşme, Doğuş Cd. No:222, 35390 Buca/İzmir",(0232) 454 20 00,72,-,-
Özel Çakırağa Ortaöğretim Erkek Öğrencı Yurdu,Özel Yurt,"382,345,187,143,021","27,971,315,814,988,400",Bengisu Mahallesi. Hakkı Paşa Çıkmazı No:1. 35750 Ödemiş/İzmir,0232 545 18 72,48,-,-
Özel Çamlıca Ortaokul Kız Öğrenci Yurdu,Özel Yurt,"3,840,278,366,712,710","27,153,042,288,559,900","Irmak, 818. Sk. No:3, 35410 Gaziemir/İzmir",0(232) 284 06 15,71,-,-
Özel Çamlıca Ortaöğretim Erkek Öğrenci Yurdu,Özel Yurt,"38,404,202,105,116,500","27,153,424,239,013,400","Irmak Mah. 820. Sk. No:1 Pk:35410, 35410 Gaziemir",0(232) 284 03 33,120,-,-
ÖZEL ÇEŞME YÜKSEK ÖĞRETİM ERKEK ÖĞRENCİ YURDU,Özel Yurt,"3,838,105","2,717,975","Atatürk, 63/7. Sk., 35390 Buca/İzmir",0 232 420 77 97,195,-,-
Özel Çınar Erkek Ortaokul Yurdu,Özel Yurt,"38,599,501,612,681,100","2,707,626,499,278,790","İsmet İnönü, 1211/1. Sk. No: 41, 35660 Menemen/İzmir",0(232) 832 83 77,-,-,-
ÖZEL DENİZ ORTAOKUL KIZ ÖĞRENCİ YURDU,Özel Yurt,"3,836,249,031,128,170.00","27,144,691,131,843,800","GÖKSU MAH. 668/5 SOK. NO: 14 / BUCA/İZMİR
",(232) 275 76 12,78,"90,000",-
ÖZEL DENİZ ORTAÖĞRETİM KIZ ÖĞRENCİ YURDU,Özel Yurt,"3,836,319","2,714,477"," Göksu, 668/5. Sk. No: 14, 35380 Buca/İzmir",(0232) 275 76 12,72,-,-
ÖZEL DENİZHAN YÜKSEKÖĞRENİM KIZ ÖĞRENCİ YURDU,Özel Yurt,"3,839,558","2,702,535",ILICA MAH. DALYA SOK. NO: 6 A/ NARLIDERE/İZMİR,02322564900,-,-,-
ÖZEL DENİZHAN YÜKSEKÖĞRENİM KIZ ÖĞRENCİ YURDU,Özel Yurt,"3,839,258","2,702,540",ILICA MAH. DALYAN SOK. NO:6 NARLIDERE/İZMİR,2322564900,45,-,-
ÖZEL DIRAMALI YÜKSEK ÖĞRETİM ERKEK ÖĞRENCİ YURDU,Özel Yurt,"3,838,563","2,717,273"," Dumlupınar, Barış Manço Kültür Sk. No:26-28, 35678 Buca/İzmir",0532 292 08 28,46,"50,000","70,000"
"ÖZEL DİRAYET SÜREN YÜKSEKÖĞRETİM ERKEK ÖĞRENCİ YURDU	",Özel Yurt,"3,839,723","2,707,783",ESENTEPE M.74/2 SOKAK NO:5 KARABAĞLAR/İZMİR,2322481431,80,-,-
ÖZEL DİYANET ORTAÖĞRETİM ERKEK ÖĞRENCİ YURDU,Vakıf,"382,356,651,864,555","2,797,813,419,293,640",ATATÜRK MAH. SARACOĞLU SOK. NO: 74  ÖDEMİŞ/İZMİR,0232 544 05 53,-,-,-
"ÖZEL DURMUŞ AKKUŞ BİR İNCİ ORTAOKUL ERKEK ÖĞRENCİ YURDU	",Özel Yurt,"3,838,552","2,711,880","GÜNALTAY MAH. 4831 SOK. NO: 8 -16/ KARABAĞLAR/İZMİR	",(232) 264 25 45,-,-,-
"ÖZEL DURMUŞ AKKUŞ ORTA ÖĞRETİM ERKEK ÖĞRENCİ YURDU	",Özel Yurt,"3,838,283","2,711,880","GÜNALTAY MAH. 4831 SOK. NO: 8 -16/ KARABAĞLAR/İZMİR	",(232) 264 25 45,92,-,-
"ÖZEL DURMUŞ AKKUŞ ORTAOKUL ERKEK ÖĞRENCİ YURDU	",Özel Yurt,"3,837,687","2,710,599","GÜNALTAY MAH. 4831 SOK. NO: 6 / KARABAĞLAR/İZMİR	",02322642545,-,-,-
Özel Egelim Yükseköğrenim Kız Öğrenci Yurdu,Özel Yurt,"38,457,084,036,485,200","2,720,103,782,601,480",Kazım Dirik Mah. 259. Sok. No: 12 Özkanlar Bornova / İZMİR,(232) 348 84 06,-,-,-
Özel Engin Deniz Erkek Öğrenci Yurdu,Özel Yurt,38.46920901,27.22294428,"Erzene, 8. Sk. No:46, 35040 Bornova/İzmir",0(232) 339 12 12,-,-,-
"ÖZEL ENSAR VAKFI YÜKSEKÖĞRETİM KIZ ÖĞRENCİ YURDU	",Vakıf,"3,839,862","2,711,400","KAZIM KARABEKİR MAH. 9146 SOK. NO: 14 / KARABAĞLAR/İZMİR	",(232) 232 03 07,-,-,-
ÖZEL EYLÜL YÜKSEKÖĞRETİM KIZ ÖĞRENCİ YURDU,Özel Yurt,"3,838,358,786,160,720","27,184,442,860,517,400","Adatepe, 3. Sk. No: 65, 35400 Buca/İzmir",05522100080,83,-,-
ÖZEL FATİH ORTAÖĞRETİM ERKEK ÖĞRENCİ YURDU,Özel Yurt,"382,269,508,208,166","27,988,806,185,596,300",Hürriyet Mh. Atatürk Cd. 35763 Ödemiş İzmir. 35763,0 232 544 87 78,-,-,-
Özel Fatma Gürler Ortaöğretim Erkek Öğrenci Yurdu,Özel Yurt,"3,849,239,732,184,140","27,108,342,951,697,800","Zübeyde Hanım, 7448/8. Sk. No:22, 35570 Karşıyaka/İzmir",02323611717,-,-,-
ÖZEL FATMA GÜRLER ORTAÖĞRETİM ERKEK ÖĞRENCİ YURDU,Özel Yurt,"3,849,236,373,239,580","27,108,117,646,612,600","Zübeyde Hanım, 7448/8. Sk. No:22, 35570 Karşıyaka/İzmir",Özel Fatma Gürler Ortaöğretim Erkek Öğrenci Yurdu,-,-,-
Özel Gaziemir Ortaokul Erkek Öğrenci Yurdu,Özel Yurt,"38,321,010,814,503,400","27,135,159,433,290,400","Atıfbey, 2. Sk. No:32, 35410 Gaziemir/İzmir",0(232) 251 19 09,52,-,-
ÖZEL GEDİZ ORTAOKUL ERKEK ÖĞRENCİ YURDU,Özel Yurt,"3,835,703,077,368,990.00","27,147,492,914,328,500","MUSTAFA KEMAL MAH. 686/17 SOK. NO: 12 /1 BUCA/İZMİR
",(507) 403 45 13,43,"55,000","65,000"
Özel Gümüşpala Ortaöğretim Erkek Öğrenci Yurdu,Özel Yurt,"3,847,130,639,438,280","27,138,642,207,490,400","Gümüşpala, 7049. Sk. No:7, 35510 Bayraklı/İzmir",02323656344,43,-,-
ÖZEL GÜNEŞ YÜKSEKÖĞRETİM KIZ ÖĞRENCİ YURDU,Özel Yurt,"3,838,378,338,333,000","27,184,168,547,658,700",ATATÜRK MAH. 63 SOK. NO:38/40 BUCA/İZMİR,02324407772,65,-,-
ÖZEL GÜVEN YÜKSEKÖĞRETİM ERKEK ÖĞRENCİ YURDU,Özel Yurt,"3,838,314,557,689,060","27,182,839,077,356,500","ATATÜRK MAH. 204/4 SOK. NO:4 BUCA/İZMİR
",02324209980,47,-,-
ÖZEL GÜZELBAHÇE ORTAÖĞRETİM ERKEK ÖĞRENCİ YURDU,Özel Yurt,"3,834,177,094,433,100","2,686,795,802,498,030","	
YELKİ MAH. 2272 SOK. NO: 5 / GÜZELBAHÇE/İZMİR",-,30,0,0
"ÖZEL HACI DURMUŞ AKKUŞ ORTAOKUL ERKEK ÖĞRENCİ YURDU	",Özel Yurt,"3,837,700","2,713,460","AYDIN MAH. 4275 SOK. NO: 31 -33/1,2 KARABAĞLAR/İZMİR",(232) 254 50 55,-,-,-
ÖZEL HALİL İBRAHİM SIZLAĞ YÜKSEK ÖĞRETİM KIZ ÖĞRENCİ YURDU,Özel Yurt,"3,838,603,111,773,060","27,177,404,109,278,000","Dumlupınar, Erdem Cd., 35400 Buca/İzmir",02324205151,120,-,-
Özel Hedef Yüksek Öğrenim Ögrenci Yurdu,Özel Yurt,38.46450815,27.22668906,"Erzene, 61. Sk. No:12, 35040 Bornova/İzmir",(0232) 388 58 56,-,-,-
ÖZEL HESNA YÜKSEK ÖĞRETİM KIZ ÖĞRENCİ YURDU,Özel Yurt,"38,417,701,556,754,400","27,136,457,365,186,800",GÜZELYURT MAH.921.SOKAK NO:10 /KONAK /İZMİR,2322556616,106,-,-
ÖZEL HİLMİYE ORTAOKUL ERKEK ÖĞRENCİ YURDU,Özel Yurt,"3,826,400,352,405,050","27,132,791,510,822,300","KEMALPAŞA MAH. 154 SOK. NO: 7 /1,2,3,4,5,6 MENDERES/İZMİR",0 545 613 13 10,-,-,-
Özel Hisar Erkek Öğrenci Yurdu,Özel Yurt,38.44710864,27.2285824,"Mevlana, 1722. Sk. No:3, 35050 Bornova/İzmir",(0232) 339 13 84,-,-,-
Özel Hisar Yükseköğretim Erkek Öğrenci Yurdu,Özel Yurt,"3,844,743,269,913,980","2,722,825,702,539,610","1751/1. Sk. 2-20, Mevlana, 35050 Bornova/İzmir",0 232 339 13 84,70,-,-
"ÖZEL İSMAİL HAKKI ORTAÖĞRETİM ERKEK ÖĞRENCİ YURDU	",Özel Yurt,"3,839,873","2,711,812","SAİM ÇIKRIKÇI CAD.502,SK.NO:202 YEŞILYURT KARABAĞLAR/İZMİR",2322287460,80,-,-
"ÖZEL İZMİR AMERİKAN KOLEJİ ORTAÖĞRETİM ERKEK ÖĞRENCİ YURDU	",Özel Yurt,"3,840,192","2,709,014","POLİGON MAH. İNÖNÜ SOK. NO: 697 /1/ KARABAĞLAR/İZMİR	",(0232) 355 04 94,-,-,-
"ÖZEL İZMİR AMERİKAN KOLEJİ ORTAÖĞRETİM ERKEK ÖĞRENCİ YURDU	",Özel Yurt,"3,840,138","2,708,808","POLİGON MAH. İNÖNÜ SOK. NO: 697 /1/ KARABAĞLAR/İZMİR	",2323550490,81,-,-
ÖZEL KAAN YÜKSEKÖĞRETİM ERKEK ÖĞRENCİ YURDU,Özel Yurt,"3,838,912,966,273,000","27,187,005,936,882,300","Adatepe, 4. Sk. No:28, 35400 Buca/İzmir",05558920101,23,-,-
ÖZEL KAHRAMAN YÜKSEK ÖĞRETİM  KIZ ÖĞRENCİ YURDU,Özel Yurt,"3,839,209,498,502,950","27,161,623,253,969,600",331.Sok. No: 82 Buca/İzmir,02324879303,60,-,-
ÖZEL KAYNAKLAR   YÜKSEK ÖĞRENİM  ERKEK ÖĞRETİM YURDU,Özel Yurt,"3,835,465,134,402,300","27,231,400,156,475,300","Zafer, 2352. Sk. No:9, 35395 Buca/İzmir",0232 443 03 64,-,-,-
Özel Kemal Çatmadaş Ortaöğrenim Erkek Öğrenci Yurdu,Özel Yurt,"38,466,944,278,891,600","27,134,547,706,127,200","Gümüşpala, 7000. Sk., 35510 Bayraklı/İzmir",02323654451,-,-,-
Özel Kemal Çatmadaş Ortaöğrenim Erkek Öğrenci Yurdu,Özel Yurt,"3,846,757,677,867,080","27,133,964,434,947,200","Gümüşpala, 7000. Sk., 35510 Bayraklı/İzmir",02323654451,83,-,-
"ÖZEL KESTANEPAZARI HATAY ORTA ÖĞRENİM ERKEK ÖĞRENCİ YURDU	",Özel Yurt,"3,840,248","2,709,958","ADNAN SÜVARİ MAH. 175/3 SOK. NO: 26 / KARABAĞLAR/İZMİR	",2322856506,286,-,-
"ÖZEL KESTANEPAZARI HATAY ORTAÖĞRETİM ERKEK ÖĞRENCİ YURDU	",Özel Yurt,"3,840,463","2,710,026","ADNAN SÜVARİ MAH. 175/3 SOK. NO: 26 / KARABAĞLAR/İZMİR	",02322856506,-,-,-
"ÖZEL MAKBULE AKKUŞ ORTAÖĞRETİM KIZ ÖĞRENCİ YURDU	",Özel Yurt,"3,838,283","2,711,812","GÜNALTAY MAH. 4830 SOK. NO: 6 / KARABAĞLAR/İZMİR	",(232) 264 14 21,-,-,-
"ÖZEL MAKBULE AKKUŞ ORTAÖĞRETİM KIZ ÖĞRENCİ YURDU	",Özel Yurt,"3,838,229","2,711,880","GÜNALTAY MAH. 4830 SOK. NO: 6 / KARABAĞLAR/İZMİR	",(232) 264 14 21,80,-,-
Özel Maya Yüksek Öğrenim Erkek Öğrenci Yurdu,Özel Yurt,"3,846,695,167,634,780","27,218,310,076,458,500",Ergene Mah. 554 Sok. No:32 Bornova/İzmir,0552 345 59 08,-,-,-
Özel Mehmet Sarıtaş Ortaöğretim Erkek Öğrenci Yurdu,Özel Yurt,"3,814,894","2,734,736","Muratbey, 3525. Sk. No:3, 35860 Torbalı/İzmir",0232 856 5352,48,-,-
Özel Mendegüme Ortaokul Erkek Öğrenci Yurdu,Özel Yurt,"380,114,036,607,194","27,993,806,438,277,500",Hamam Mah. Mendegüme Sok. No: 289 /1/ Ödemiş/İzmir,0 543 304 18 50,-,-,-
ÖZEL MENDERES ORTAÖĞRETİM ERKEK ÖĞRENCİ YURDU,Özel Yurt,"382,639,165,087,613","27,132,494,040,421",KEMALPAŞA MAH.153.SOKAK NO:6  /MENDERES/İZMİR,-,22,-,-
ÖZEL MERVE YÜKSEKÖĞRETİM KIZ ÖĞRENCİ YURDU,Özel Yurt,"38,404,794,391,610,700","27,100,971,068,774,000",ÇANKAYA MAH. 141 SOK. NO: 79 -1/ KONAK/İZMİR,0(232) 520 1253,65,-,-
ÖZEL MURAT EROĞLU ORTAÖĞRETİM ERKEK ÖĞRENCİ YURDU,Özel Yurt,"3,824,482","2,729,469","Fevzi Çakmak, İhlas Cd. No:80, 35870 Torbalı/İzmir",0 232 854 8500,-,-,-
"ÖZEL MURAT GÜZELYALI YÜKSEK ÖĞRETİM ERKEK ÖĞRENCİ YURDU	",Özel Yurt,"3,839,650","2,710,181","VATAN MAHALLESİ, 9200/1 SOKAK N0:15 KARABAĞLAR/İZMİR",2322437570,64,-,-
"ÖZEL NARLIDERE ÇAMLIK YÜKSEKÖĞRENİM ERKEK ÖĞRENCİ YURDU	",Özel Yurt,"3,839,911","2,701,448","ÇAMTEPE MAH. HÜRRİYET SOK. NO: 19 / NARLIDERE/İZMİR	",02322386174,-,-,-
ÖZEL ÖDEMİŞ ORTAÖĞRETİM KURUMLARI KIZ ÖĞRENCİ YURDU,Özel Yurt,"382,377,250,036,341","27,973,067,944,459,200",Kuvvetli Mah. 1.Kir Sok. No: 39 / Ödemiş/İzmir,0 541 336 0424,70,-,-
ÖZEL ÖZDERE ORTAOKUL ERKEK ÖĞRENCİ YURDU,Özel Yurt,"38,057,623,969,953,400","27,056,873,170,050,500","Orta, 1238. Sk. No:29, 35495 Menderes/İzmir",0 232 798 76 35,-,-,-
Özel Palmira Rezidans Yükseköğrenim Kız Öğrenci Yurdu,Özel Yurt,"3,837,528","2,718,029","Yıldız, No:, 199/6. Sk. No:10, 35390 Buca/İzmir", 0507 651 99 55,300,"75,000","100,000"
ÖZEL PAMUKÇU YÜKSEKÖĞRETİM KIZ ÖĞRENCİ YURDU,Özel Yurt,"38,405,495,561,654,400","271,144,111,810,691","Piri Reis, 298. Sk. No:5, 35280 Konak/İzmir",2322612633,37,-,-
ÖZEL Sehzade ORTAÖĞRETİM ERKEK ÖĞRENCİ YURDU,Özel Yurt,"3,839,060,494,119,990.00","27,180,698,890,551,000","MUSTAFA KEMAL MAH. 284/5 SOK. NO: 35 C/YOK BUCA/İZMİR
",(232) 275 56 96,83,"75,000","75,000"
Özel Sena Ortaöğretim Kız Öğrenci Yurdu,Özel Yurt,"382,363,862,302,727","27,975,644,972,135,600","İnönü, 706. Sk. No:1, 35750 Ödemiş/İzmir",0 232 545 52 70,96,-,-
Özel Seyran Orta Öğrenim Erkek Öğrenci Yurdu,Özel Yurt,"38,322,065,877,821,900","27,126,557,289,097,300","Irmak, 22. Sk., 35410 Gaziemir/İzmir",0(232) 251 33 10,43,-,-
"ÖZEL ŞEHİT BAHATTİN YILDIZ YÜKSEKÖĞRETİM ERKEK ÖĞRENCİ YURDU	",Özel Yurt,"3,840,334","2,711,194","ESENLİK MAH. 9056 SOK. NO: 8 / KARABAĞLAR/İZMİR	",(232) 231 00 01,-,-,-
Özel Şule Ortaöğretim Kız Öğrenci Yurdu,Özel Yurt,"3,815,837","2,735,817","Ertuğrul, 3075. Sk. No:6, 35860 Torbalı/İzmir",0232 855 6858,81,-,-
ÖZEL ŞULE YÜKSEKÖĞRETİM KIZ ÖĞRENCİ YURDU,Özel Yurt,"3,840,550,825,375,370","27,101,601,967,223,000","Çankaya, 141. Sk., 35280 Konak/İzmir",2322438970,57,-,-
"ÖZEL ŞULE YÜKSEL ŞENLER YÜKSEKÖĞRETİM KIZ ÖĞRENCİ YURDU	",Özel Yurt,"3,839,706","2,707,460","ESENTEPE MAH. 74/2 SOK. NO: 5 / KARABAĞLAR/İZMİR	",(232) 246 20 02,-,-,-
ÖZEL ŞÜKRAN MELTEM YILMAZ ORTAOKUL KIZ ÖĞRENCİ YURDU,Özel Yurt,"3,827,207,836,446,620","28,187,902,999,325,100"," Kırköy, Zambak sokak no:3, 35890 Kiraz/İzmir",507 124 21 57,47,0,0
ÖZEL TUNAGÜR ORTA ÖĞRETİM KIZ ÖĞRENCİ YURDU,Özel Yurt,"38,257,560,850,371,500","27,130,275,517,225,100",KASIMPAŞA MAH.MEZARLIK SK.NO:18 MENDERES/İZMİR,0 232 782 33 82,36,-,-
"ÖZEL YALI YÜKSEKÖĞRETİM ERKEK ÖĞRENCİ YURDU	",Özel Yurt,"3,839,459","2,707,356","ÜÇKUYULAR MAH. 65/2 SOK. NO: 8 / KARABAĞLAR/İZMİR	",2322859044,50,-,-
"ÖZEL YAVUZ SELİM YÜKSEK ÖĞRETİM ERKEK ÖĞRENCİ YURDU	",Özel Yurt,"3,839,711","2,713,666",KARABAĞLAR MAH.5902.SK.NO.1 KARABAĞLAR/İZMİR,2322545252,60,-,-
"ÖZEL YEŞILYURT ORTA ÖĞRETİM ERKEK YURDU	",Özel Yurt,"3,839,835","2,710,713",MEVLANA CAD.NO:37 YEŞILYURT,2322317083,138,-,-
Özel Yeşil Tire Orta Öğrenim Erkek Öğrenci Yurdu,Vakıf,"380,995,250,437,193","27,724,653,732,191,100","Yeni Mah. Maltepe Cad. 12 Tire, İzmir",02325122195,56,ücretsiz,ücretsiz
Özel Yıldız Orta Öğretim Erkek Öğrenci Yurdu,Özel Yurt,"3,847,321,021,904,790","27,133,972,247,917,800",7075 SOKAK NO:14 GÜMÜŞPALA BAYRAKLI/İZMİR,2323825537,75,-,-
ÖZEL YUSUF DEMİREL ORTAÖĞRETİM ERKEK ÖĞRENCİ YURDU - KEMALPAŞA KÜLTÜR VARLIKLARINI ARAŞTIRMA GÜZELLEŞTİRME VE EĞİTİM DERNEĞİ,Özel Yurt,"3,843,448,383,670,250","27,416,149,433,487,300","Sekiz Eylül, 8 Eylül Öteyaka Sk. No:51, 35730 Kemalpaşa/İzmir",0232 878 02 09,88,-,-
Özel Yücel Yüksek Öğrenim Kız Ve Erkek Öğrenci Yurdu,Özel Yurt,"3,858,357,436,601,910","26,969,035,094,996,600","Gazi Mustafa Kemal, 4112/1 No:3, 35630 Menemen/İzmir",0 555 142 85 85,60,-,-
ÖZEL ZÜMRÜT KIRAZ ORTAÖĞRETİM KIZ ÖĞRENCİ PANSİYONU,Özel Yurt,"3,843,362,802,237,000","27,406,186,710,426,000",SEKİZ EYLÜL MAH. 103/1 SOK. NO: 7 / KEMALPAŞA/İZMİR,0232 878 16 01,18,-,-
Sevgiyle Yükseköğretim Kız Öğrenci Yurdu,Özel Yurt,"382,733","271,203","Kazımdirik Mah. 229 Sok. No: 7, Bornova/İzmir",(232) 347 47 67,140,-,-
SİM KIZ ÖGRENCİ YURDU,Özel Yurt,"3,837,375","2,718,112","Yıldız, 206/40. Sk. No:24, 35222 Buca/İzmir", 0534 203 83 82,200,"65,000","85,000"
TİRE - ÖZEL BUĞDAYDEDE ORTAÖĞRETİM ERKEK ÖĞRENCİ YURDU,Özel Yurt,"3,809,961","2,772,794",YENİ MAHALLE TURGUT REİS CADDESİ NO/15/TİRE,0232 511 5653,108,-,-
"TİRE - ÖZEL YEŞİL TİRE ORTA ÖĞRETİM ERKEK ÖĞRENCİ YURDU	35 D ",Özel Yurt,"3,810,015","2,772,456",ATATÜRK MAHALLESİ MALTEPE MEVKII NO.12 Tire/İzmir,0 232 512 21,56,-,-
Tire KYK Öğrenci Yurdu,KYK,"38,097,498,176,601,700","27,735,312,789,863,700",Adnan Menderes Mah. Billur Sok. No:5 Tire/ İzmir,02322902442,300,230,490
Toki Bayraklı Kyk Kız Yurdu,KYK,"3,849,268,486,713,670","2,717,758,410,697,580",REFİK ŞEVKET İNCE MAH. 1925 SOK 124 BAYRAKLI TOKİ 8. ETAP 1. KISIM BAYRAKLI/İZMİR,02322559196,-,345,570
TÜGVA İzmir Ege Panorama Yükseköğretim Erkek Öğrenci Yurdu,Özel Yurt,"38,472,289,310,582,200","27,245,399,362,890,100",Evka3 Mah. 108/5 Sok. No:1 Bornova/ İZMİR,0505 187 69 28,121,-,-
Türkiye Gençlik Vakfı Ege Panaroma Yükseköğretim Erkek ,Özel Yurt,"382,805","271,437","Evka 3 Mah. 108/5 Sok. No: 1, Bornova/İzmir",(232) 375 15 65,41,-,-
Türkiye Gençlik Vakfı Şehit Fethi Sekin Yükseköğretim Erkek ,Özel Yurt,"382,628","271,106","Kazımdirik Mah. 5003 Sok. No: 39, Bornova/İzmir",(232) 435 72 78,108,-,-
Urla Latife Hanım Kız Yurdu,KYK,38325014,26635465,"Gülbahçe, 35433 Urla/İzmir",(0232) 765 9225,456,375,650
Üniyurt İYTE,Özel Yurt,"38,314,920","26,639,037","Gülbahçe Mahallesi Gülbahçe Caddesi, 5. Sokak 1/38, 35433 Urla/İzmir",2327658444,600,8000,12000
Vilayetler Hizmet Birliği Orta Öğretim Öğrenci Yurdu,Vakıf,"3,832,643,903,102,400","26,317,898,610,743,600","İsmet İnönü, 2091. Sk., 35930 Çeşme/İzmir",-,-,-,-
yasar universitesi ogrenci yurdu,Özel Yurt,"3,845,104,211,308,740","272,041,027,357,291","mah, 367/2 sokak no : 9/2 kazim dirik, 35100 bornova/izmir
",0232 570 80 20,-,-,-
Yasemin Kız Öğrenci Yurdu,Özel Yurt,38.46608434,27.21832107,"Kazımdirik, 6, 150. Sk., 35100 Bornova/İzmir",(0232) 373 29 00,-,-,-
yasemin kiz ogrenci yurdu,Özel Yurt,"3,846,557,191,245,950","27,218,932,616,678,100","kazimdirik, 6, 150. sk., 35100 bornova/izmir
",0232 373 29 00,-,-,-
Yelken Yüksek Öğretim Erkek Öğrenci Yurdu,Özel Yurt,"382,703","271,357","Mevlana Mah. 1776 Sok. No: 50, Bornova/İzmir",(232) 388 67 68,35,-,-
yuksek ogrenim kredi ve yurtlar kurumu bornova ogrenci yurdu,KYK,"3,845,071,164,006,070","27,231,636,886,508,400","mevlana, 1744. sk. no:1, 35050 bornova/izmir
",-,149,-,-
Yusuf Demirel Orta Öğrenim Erkek Öğrenci Yurdu,Özel Yurt,"38,433,654,311,875,100","27,416,110,493,175,700","Sekiz Eylül, 8 Eylül Öteyaka Sk. No:51, 35730 Kemalpaşa/İzmir",0232 878 02 09,88,-,-
Zehra Kız Öğrenci Yurdu,Özel Yurt,"38,090,011,447,279,500","27,737,757,455,587,900","Kurtuluş, 23 Nisan Cad. No:12, 35900 Tire/İzmir",02325110541,-,-,-
,,,,,,,,
,,,,,,,,
,,,,,,,,
,,,,,,,,
,,,,,,,,
,,,,,,,,
,,,,,,,,
,,,,,,,,
,,,,,,,,
,,,,,,,,
,,,,,,,,
,,,,,,,,
,,,,,,,,
,,,,,,,,
,,,,,,,,
,,,,,,,,
,,,,,,,,
,,,,,,,,
,,,,,,,,
,,,,,,,,
,,,,,,,,
,,,,,,,,
,,,,,,,,
,,,,,,,,
,,,,,,,,
,,,,,,,,
,,,,,,,,
,,,,,,,,
,,,,,,,,
,,,,,,,,
,,,,,,,,
,,,,,,,,
,,,,,,,,
,,,,,,,,
,,,,,,,,
,,,,,,,,
,,,,,,,,
,,,,,,,,
,,,,,,,,
,,,,,,,,
,,,,,,,,
,,,,,,,,
,,,,,,,,
,,,,,,,,
,,,,,,,,
,,,,,,,,
,,,,,,,,
,,,,,,,,
,,,,,,,,
,,,,,,,,
,,,,,,,,
,,,,,,,,
,,,,,,,,
,,,,,,,,
,,,,,,,,
,,,,,,,,
,,,,,,,,
,,,,,,,,
,,,,,,,,
,,,,,,,,
,,,,,,,,
,,,,,,,,
,,,,,,,,
,,,,,,,,
,,,,,,,,
,,,,,,,,
,,,,,,,,
,,,,,,,,
,,,,,,,,
,,,,,,,,
,,,,,,,,
,,,,,,,,
,,,,,,,,
,,,,,,,,
,,,,,,,,
,,,,,,,,
,,,,,,,,
,,,,,,,,
,,,,,,,,
,,,,,,,,
,,,,,,,,
,,,,,,,,
,,,,,,,,
,,,,,,,,
,,,,,,,,
,,,,,,,,
,,,,,,,,
,,,,,,,,
,,,,,,,,
,,,,,,,,
,,,,,,,,
,,,,,,,,
,,,,,,,,
,,,,,,,,
,,,,,,,,
,,,,,,,,
,,,,,,,,
,,,,,,,,
,,,,,,,,
,,,,,,,,
,,,,,,,,
,,,,,,,,
,,,,,,,,
,,,,,,,,
,,,,,,,,
,,,,,,,,
,,,,,,,,
,,,,,,,,
,,,,,,,,
,,,,,,,,
,,,,,,,,
,,,,,,,,
,,,,,,,,
,,,,,,,,
,,,,,,,,
,,,,,,,,
,,,,,,,,
,,,,,,,,
,,,,,,,,
,,,,,,,,
,,,,,,,,
,,,,,,,,
,,,,,,,,
,,,,,,,,
,,,,,,,,
,,,,,,,,
,,,,,,,,
,,,,,,,,
,,,,,,,,
,,,,,,,,
,,,,,,,,
,,,,,,,,
,,,,,,,,
,,,,,,,,
,,,,,,,,
,,,,,,,,
,,,,,,,,
,,,,,,,,
,,,,,,,,
,,,,,,,,
,,,,,,,,
,,,,,,,,
,,,,,,,,
,,,,,,,,
,,,,,,,,
,,,,,,,,
,,,,,,,,
,,,,,,,,
,,,,,,,,
,,,,,,,,
,,,,,,,,
,,,,,,,,
,,,,,,,,
,,,,,,,,
,,,,,,,,
,,,,,,,,
,,,,,,,,
,,,,,,,,
,,,,,,,,
,,,,,,,,
,,,,,,,,
,,,,,,,,
,,,,,,,,
,,,,,,,,
,,,,,,,,
,,,,,,,,
,,,,,,,,
,,,,,,,,
,,,,,,,,
,,,,,,,,
,,,,,,,,
,,,,,,,,
,,,,,,,,
,,,,,,,,
,,,,,,,,
,,,,,,,,
,,,,,,,,
,,,,,,,,
,,,,,,,,
,,,,,,,,
,,,,,,,,
,,,,,,,,
,,,,,,,,
,,,,,,,,
,,,,,,,,
,,,,,,,,
,,,,,,,,
,,,,,,,,
,,,,,,,,
,,,,,,,,
,,,,,,,,
,,,,,,,,
,,,,,,,,
,,,,,,,,
,,,,,,,,
,,,,,,,,
,,,,,,,,
,,,,,,,,
,,,,,,,,
,,,,,,,,
,,,,,,,,
,,,,,,,,
,,,,,,,,
,,,,,,,,
,,,,,,,,
,,,,,,,,
,,,,,,,,
,,,,,,,,
,,,,,,,,
,,,,,,,,
,,,,,,,,
,,,,,,,,
,,,,,,,,
,,,,,,,,
,,,,,,,,
,,,,,,,,
,,,,,,,,
,,,,,,,,
,,,,,,,,
,,,,,,,,
,,,,,,,,
,,,,,,,,
,,,,,,,,
,,,,,,,,
,,,,,,,,
,,,,,,,,
,,,,,,,,
,,,,,,,,
,,,,,,,,
,,,,,,,,
,,,,,,,,
,,,,,,,,
,,,,,,,,
,,,,,,,,
,,,,,,,,
,,,,,,,,
,,,,,,,,
,,,,,,,,
,,,,,,,,
,,,,,,,,
,,,,,,,,
,,,,,,,,
,,,,,,,,
,,,,,,,,
,,,,,,,,
,,,,,,,,
,,,,,,,,
,,,,,,,,
,,,,,,,,
,,,,,,,,
,,,,,,,,
,,,,,,,,
,,,,,,,,
,,,,,,,,
,,,,,,,,
,,,,,,,,
,,,,,,,,
,,,,,,,,
,,,,,,,,
,,,,,,,,
,,,,,,,,
,,,,,,,,
,,,,,,,,
,,,,,,,,
,,,,,,,,
,,,,,,,,
,,,,,,,,
,,,,,,,,
,,,,,,,,
,,,,,,,,
,,,,,,,,
,,,,,,,,
,,,,,,,,
,,,,,,,,
,,,,,,,,
,,,,,,,,
,,,,,,,,
,,,,,,,,
,,,,,,,,
,,,,,,,,
,,,,,,,,
,,,,,,,,
,,,,,,,,
,,,,,,,,
,,,,,,,,
,,,,,,,,
,,,,,,,,
,,,,,,,,
,,,,,,,,
,,,,,,,,
,,,,,,,,
,,,,,,,,
,,,,,,,,
,,,,,,,,
,,,,,,,,
,,,,,,,,
,,,,,,,,
,,,,,,,,
,,,,,,,,
,,,,,,,,
,,,,,,,,
,,,,,,,,
,,,,,,,,
,,,,,,,,
,,,,,,,,
,,,,,,,,
,,,,,,,,
,,,,,,,,
,,,,,,,,
,,,,,,,,
,,,,,,,,
,,,,,,,,
,,,,,,,,
,,,,,,,,
,,,,,,,,
,,,,,,,,
,,,,,,,,
,,,,,,,,
,,,,,,,,
,,,,,,,,
,,,,,,,,
,,,,,,,,
,,,,,,,,
,,,,,,,,
,,,,,,,,
,,,,,,,,
,,,,,,,,
,,,,,,,,
,,,,,,,,
,,,,,,,,
,,,,,,,,
,,,,,,,,
,,,,,,,,
,,,,,,,,
,,,,,,,,
,,,,,,,,
,,,,,,,,
,,,,,,,,
,,,,,,,,
,,,,,,,,
,,,,,,,,
,,,,,,,,
,,,,,,,,
,,,,,,,,
,,,,,,,,
,,,,,,,,
,,,,,,,,
,,,,,,,,
,,,,,,,,
,,,,,,,,
,,,,,,,,
,,,,,,,,
,,,,,,,,
,,,,,,,,
,,,,,,,,
,,,,,,,,
,,,,,,,,
,,,,,,,,
,,,,,,,,
,,,,,,,,
,,,,,,,,
,,,,,,,,
,,,,,,,,
,,,,,,,,
,,,,,,,,
,,,,,,,,
,,,,,,,,
,,,,,,,,
,,,,,,,,
,,,,,,,,
,,,,,,,,
,,,,,,,,
,,,,,,,,
,,,,,,,,
,,,,,,,,
,,,,,,,,
,,,,,,,,
,,,,,,,,
,,,,,,,,
,,,,,,,,
,,,,,,,,
,,,,,,,,
,,,,,,,,
,,,,,,,,
,,,,,,,,
,,,,,,,,
,,,,,,,,
,,,,,,,,
,,,,,,,,
,,,,,,,,
,,,,,,,,
,,,,,,,,
,,,,,,,,
,,,,,,,,
,,,,,,,,
,,,,,,,,
,,,,,,,,
,,,,,,,,
,,,,,,,,
,,,,,,,,
,,,,,,,,
,,,,,,,,
,,,,,,,,
,,,,,,,,
,,,,,,,,
,,,,,,,,
,,,,,,,,
,,,,,,,,
,,,,,,,,
,,,,,,,,
,,,,,,,,
,,,,,,,,
,,,,,,,,
,,,,,,,,
,,,,,,,,
,,,,,,,,
,,,,,,,,
,,,,,,,,
,,,,,,,,
,,,,,,,,
,,,,,,,,
,,,,,,,,
,,,,,,,,
,,,,,,,,
,,,,,,,,
,,,,,,,,
,,,,,,,,
,,,,,,,,
,,,,,,,,
,,,,,,,,
,,,,,,,,
,,,,,,,,
,,,,,,,,
,,,,,,,,
,,,,,,,,
,,,,,,,,
,,,,,,,,
,,,,,,,,
,,,,,,,,
,,,,,,,,
,,,,,,,,
,,,,,,,,
,,,,,,,,
,,,,,,,,
,,,,,,,,
,,,,,,,,
,,,,,,,,
,,,,,,,,
,,,,,,,,
,,,,,,,,
,,,,,,,,
,,,,,,,,
,,,,,,,,
,,,,,,,,
,,,,,,,,
,,,,,,,,
,,,,,,,,
,,,,,,,,
,,,,,,,,
,,,,,,,,
,,,,,,,,
,,,,,,,,
,,,,,,,,
,,,,,,,,
,,,,,,,,
,,,,,,,,
,,,,,,,,
,,,,,,,,
,,,,,,,,
,,,,,,,,
,,,,,,,,
,,,,,,,,
,,,,,,,,
,,,,,,,,
,,,,,,,,
,,,,,,,,
,,,,,,,,
,,,,,,,,
,,,,,,,,
,,,,,,,,
,,,,,,,,
,,,,,,,,
,,,,,,,,
,,,,,,,,
,,,,,,,,
,,,,,,,,
,,,,,,,,
,,,,,,,,
,,,,,,,,
,,,,,,,,
,,,,,,,,
,,,,,,,,
,,,,,,,,
,,,,,,,,
,,,,,,,,
,,,,,,,,
,,,,,,,,
,,,,,,,,
,,,,,,,,
,,,,,,,,
,,,,,,,,
,,,,,,,,
,,,,,,,,
,,,,,,,,
,,,,,,,,
,,,,,,,,
,,,,,,,,
,,,,,,,,
,,,,,,,,
,,,,,,,,
,,,,,,,,
,,,,,,,,
,,,,,,,,
,,,,,,,,
,,,,,,,,
,,,,,,,,
,,,,,,,,
,,,,,,,,
,,,,,,,,
,,,,,,,,
,,,,,,,,
,,,,,,,,
,,,,,,,,
,,,,,,,,
,,,,,,,,
,,,,,,,,
,,,,,,,,
,,,,,,,,
,,,,,,,,
,,,,,,,,
,,,,,,,,
,,,,,,,,
,,,,,,,,
,,,,,,,,
,,,,,,,,
,,,,,,,,
,,,,,,,,
,,,,,,,,
,,,,,,,,
,,,,,,,,
,,,,,,,,
,,,,,,,,
,,,,,,,,
,,,,,,,,
,,,,,,,,
,,,,,,,,
,,,,,,,,
,,,,,,,,
,,,,,,,,
,,,,,,,,
,,,,,,,,
,,,,,,,,
,,,,,,,,
,,,,,,,,
,,,,,,,,
,,,,,,,,
,,,,,,,,
,,,,,,,,
,,,,,,,,
,,,,,,,,
,,,,,,,,
,,,,,,,,
,,,,,,,,
,,,,,,,,
,,,,,,,,
,,,,,,,,
,,,,,,,,
,,,,,,,,
,,,,,,,,
,,,,,,,,
,,,,,,,,
,,,,,,,,
,,,,,,,,
,,,,,,,,
,,,,,,,,
,,,,,,,,
,,,,,,,,
,,,,,,,,
,,,,,,,,
,,,,,,,,
,,,,,,,,
,,,,,,,,
,,,,,,,,
,,,,,,,,
,,,,,,,,
,,,,,,,,
,,,,,,,,
,,,,,,,,
,,,,,,,,
,,,,,,,,
,,,,,,,,
,,,,,,,,
,,,,,,,,
,,,,,,,,
,,,,,,,,
,,,,,,,,
,,,,,,,,
,,,,,,,,
,,,,,,,,
,,,,,,,,
,,,,,,,,
,,,,,,,,
,,,,,,,,
,,,,,,,,
,,,,,,,,
,,,,,,,,
,,,,,,,,
,,,,,,,,
,,,,,,,,
,,,,,,,,
,,,,,,,,
,,,,,,,,
,,,,,,,,
,,,,,,,,
,,,,,,,,
,,,,,,,,
,,,,,,,,
,,,,,,,,
,,,,,,,,
,,,,,,,,
,,,,,,,,
,,,,,,,,
,,,,,,,,
,,,,,,,,
,,,,,,,,
,,,,,,,,
,,,,,,,,
,,,,,,,,
,,,,,,,,
,,,,,,,,
,,,,,,,,
,,,,,,,,
,,,,,,,,
,,,,,,,,
,,,,,,,,
,,,,,,,,
,,,,,,,,
,,,,,,,,
,,,,,,,,
,,,,,,,,
,,,,,,,,
,,,,,,,,
,,,,,,,,
,,,,,,,,
,,,,,,,,
,,,,,,,,
,,,,,,,,
,,,,,,,,
,,,,,,,,
,,,,,,,,
,,,,,,,,
,,,,,,,,
,,,,,,,,
,,,,,,,,
,,,,,,,,
,,,,,,,,
,,,,,,,,
,,,,,,,,
,,,,,,,,
,,,,,,,,
,,,,,,,,
,,,,,,,,
,,,,,,,,
,,,,,,,,
,,,,,,,,
,,,,,,,,
,,,,,,,,
,,,,,,,,
,,,,,,,,
,,,,,,,,
,,,,,,,,
,,,,,,,,
,,,,,,,,
,,,,,,,,
,,,,,,,,
,,,,,,,,
,,,,,,,,
,,,,,,,,
,,,,,,,,
,,,,,,,,
,,,,,,,,
,,,,,,,,
,,,,,,,,
,,,,,,,,
,,,,,,,,
,,,,,,,,
,,,,,,,,
,,,,,,,,
,,,,,,,,
,,,,,,,,
,,,,,,,,
,,,,,,,,
,,,,,,,,
,,,,,,,,
,,,,,,,,
,,,,,,,,
,,,,,,,,
,,,,,,,,
,,,,,,,,
,,,,,,,,
,,,,,,,,
,,,,,,,,
,,,,,,,,
,,,,,,,,
,,,,,,,,
,,,,,,,,
,,,,,,,,
,,,,,,,,
,,,,,,,,
,,,,,,,,
,,,,,,,,
,,,,,,,,
,,,,,,,,
,,,,,,,,
,,,,,,,,
,,,,,,,,
,,,,,,,,
,,,,,,,,
,,,,,,,,
,,,,,,,,
,,,,,,,,
,,,,,,,,
,,,,,,,,
,,,,,,,,
,,,,,,,,
,,,,,,,,
,,,,,,,,
,,,,,,,,
,,,,,,,,
,,,,,,,,
,,,,,,,,
,,,,,,,,
,,,,,,,,
,,,,,,,,
,,,,,,,,
,,,,,,,,
,,,,,,,,
,,,,,,,,
,,,,,,,,
,,,,,,,,
,,,,,,,,
,,,,,,,,
,,,,,,,,
,,,,,,,,
,,,,,,,,
,,,,,,,,
,,,,,,,,
,,,,,,,,
,,,,,,,,
,,,,,,,,
,,,,,,,,
,,,,,,,,
,,,,,,,,
,,,,,,,,
,,,,,,,,
,,,,,,,,
,,,,,,,,
,,,,,,,,
,,,,,,,,
,,,,,,,,
,,,,,,,,
,,,,,,,,
,,,,,,,,
,,,,,,,,
,,,,,,,,
,,,,,,,,
,,,,,,,,
,,,,,,,,
,,,,,,,,
,,,,,,,,
,,,,,,,,
,,,,,,,,
,,,,,,,,
,,,,,,,,
,,,,,,,,
,,,,,,,,
,,,,,,,,
,,,,,,,,
,,,,,,,,
,,,,,,,,
,,,,,,,,
,,,,,,,,
,,,,,,,,
,,,,,,,,
,,,,,,,,
,,,,,,,,
,,,,,,,,
,,,,,,,,
,,,,,,,,
,,,,,,,,
